,precision,recall,f1-score,support
angry,0.9285714285714286,0.7647058823529411,0.8387096774193549,17.0
ears_flat,0.5,0.5,0.5,24.0
ears_up,0.8059701492537313,0.75,0.7769784172661871,72.0
eyes_large_pupils,0.78125,0.8064516129032258,0.7936507936507936,31.0
eyes_narrowed,0.6956521739130435,0.5517241379310345,0.6153846153846154,29.0
eyes_small_pupils,0.5517241379310345,0.38095238095238093,0.4507042253521127,42.0
happy,0.8541666666666666,0.8541666666666666,0.8541666666666666,48.0
mouth_fangs,0.8571428571428571,0.7058823529411765,0.7741935483870968,17.0
neutral,0.7407407407407407,0.6060606060606061,0.6666666666666666,33.0
posture_arched_back,0.7777777777777778,0.7777777777777778,0.7777777777777778,9.0
posture_exposed_belly,0.75,0.75,0.75,12.0
posture_neutral,0.75,0.47368421052631576,0.5806451612903226,19.0
posture_small,0.5,0.3333333333333333,0.4,9.0
posture_stretch,0.8,0.8,0.8,10.0
scared,0.5263157894736842,0.4,0.45454545454545453,25.0
tail_neutral,0.5714285714285714,0.5,0.5333333333333333,8.0
tail_tucked,0.5625,0.6923076923076923,0.6206896551724138,13.0
tail_up,0.9375,0.7894736842105263,0.8571428571428571,19.0
micro avg,0.7350649350649351,0.6475972540045767,0.6885644768856448,437.0
macro avg,0.7161522384944187,0.6353622409979819,0.669143825003092,437.0
weighted avg,0.729979034765923,0.6475972540045767,0.6827412990704054,437.0
samples avg,0.7301200154858691,0.663821138211382,0.6764186581259752,437.0
